r1,t.name.,concart_name,short_name
start,,start,start
end,,end,end
today,,today,today
username,,username,username
simserial,,simserial,simserial
subscriberid,,subscriberid,subscriberid
deviceid,,deviceid,deviceid
phonenumber,,phonenumber,phonenumber
Interviewer..please.make.sure.the.device.is.in.flight.mode.and.that.GPS.is.turned.on.,,Interviewer..please.make.sure.the.device.is.in.flight.mode.and.that.GPS.is.turned.on.,GPS.on
Time.started..,,Time.started..,start.time
Naa.mi.dri.para.magpahigayon.sa.pagstudyo.sa.produksyon.sa.cacao.ug.lubi.nganhi.sa.rehiyon..Gusto.unta.namo.nga.mangutana.bahin.ani..ang.imong.opinyon.o.hunahuna.kabahin.ani.importante.kayo.sa.amoa.,,Naa.mi.dri.para.magpahigayon.sa.pagstudyo.sa.produksyon.sa.cacao.ug.lubi.nganhi.sa.rehiyon..Gusto.unta.namo.nga.mangutana.bahin.ani..ang.imong.opinyon.o.hunahuna.kabahin.ani.importante.kayo.sa.amoa.,screeningQ_1
Kining.among.pagtuki.mutumong.sa.pagbanabana.sa.potentsyal.nga.sistema.sa.cacao.sa.pagpababa.sa.pagbuga.og.carbon..Maong.manghanyo.kami.og.datus.kabahin.sa.inyo.ug.inyong.panginabuhian..sa.inyong.pagpanguma.ug.gusto.unta.namo.nga.bilangon.ug.sukdon.ang.pipila.ninyo.nga.cacao.pati.ang.nahimong.landong.niini.sa.inyong.umahan..Kini.nga.impormasyon.gamiton.lamang.sa.kini.nga.pagtuki..ang.inyong.tubag.dili.malabot.ang.inyong.binipisyo.,,Kining.among.pagtuki.mutumong.sa.pagbanabana.sa.potentsyal.nga.sistema.sa.cacao.sa.pagpababa.sa.pagbuga.og.carbon..Maong.manghanyo.kami.og.datus.kabahin.sa.inyo.ug.inyong.panginabuhian..sa.inyong.pagpanguma.ug.gusto.unta.namo.nga.bilangon.ug.sukdon.ang.pipila.ninyo.nga.cacao.pati.ang.nahimong.landong.niini.sa.inyong.umahan..Kini.nga.impormasyon.gamiton.lamang.sa.kini.nga.pagtuki..ang.inyong.tubag.dili.malabot.ang.inyong.binipisyo.,screeningQ_2
Ang.partisipasyon.sa.among.pagtuki.nganginahanglan.sa.hingpit.ninyong.pagboluntaryo..Ang.kining.paghisgothisgot.mukabat.og.saysenta.ka.minutos.,,Ang.partisipasyon.sa.among.pagtuki.nganginahanglan.sa.hingpit.ninyong.pagboluntaryo..Ang.kining.paghisgothisgot.mukabat.og.saysenta.ka.minutos.,screeningQ_3
Walay.nahibal.ang.peligro.o.kaayohan.kabahin.sa.pagtuki.ani.nga.studyo.,,Walay.nahibal.ang.peligro.o.kaayohan.kabahin.sa.pagtuki.ani.nga.studyo.,screeningQ_4
Matag.datos.nga.matigom.sa.______.tagoon.nga.hingpit..Gamiton.lamang.kini.sa.paglantuki.ug.bansaybasay.sa.kondisyon.nga.tanan.impormasyon.dili.gayod.mailhan.,,Matag.datos.nga.matigom.sa.______.tagoon.nga.hingpit..Gamiton.lamang.kini.sa.paglantuki.ug.bansaybasay.sa.kondisyon.nga.tanan.impormasyon.dili.gayod.mailhan.,screeningQ_5
Ang.inyong.partisipasyon.kay.boluntaryo..Makapili.ka.nga.dili.mupartisipar.ug.pwede.nga.muwidro.as.pagtugot.nga.mupartisipar.sa.interbyo..Dili.ka.silotan.sa.unsa.man.kung.mudisisyon.ka.nga.dili.mupartisipar.ani.nga.surbe.,,Ang.inyong.partisipasyon.kay.boluntaryo..Makapili.ka.nga.dili.mupartisipar.ug.pwede.nga.muwidro.as.pagtugot.nga.mupartisipar.sa.interbyo..Dili.ka.silotan.sa.unsa.man.kung.mudisisyon.ka.nga.dili.mupartisipar.ani.nga.surbe.,screeningQ_6
Akong.nabasa.ang.Pagpanugot.ug.gitagaan.og.panahon.mangutana..Gihatag.nako.ang.pagsugot.nga.mupartisipar.sa.surbe.,,Akong.nabasa.ang.Pagpanugot.ug.gitagaan.og.panahon.mangutana..Gihatag.nako.ang.pagsugot.nga.mupartisipar.sa.surbe.,screeningQ_7
Ang.inyong.tubag.iproseso.para.dili.mahibal.an.ang.hingtundan.para.sa.pagpahibalo.o.pagpasa.sa.uban.gamiton.lamang.kini.sa.pagbansaybansay.og.pagtuki.ug.dili.alang.sa.pagbaligya.sa.misking.unsang.pamaagi.,,Ang.inyong.tubag.iproseso.para.dili.mahibal.an.ang.hingtundan.para.sa.pagpahibalo.o.pagpasa.sa.uban.gamiton.lamang.kini.sa.pagbansaybansay.og.pagtuki.ug.dili.alang.sa.pagbaligya.sa.misking.unsang.pamaagi.,screeningQ_8
Ako.nitugot.nga.ang.akong.pagtubag.gamiton.sa.kondisyon.nga.nabutang.sa.taas.,,Ako.nitugot.nga.ang.akong.pagtubag.gamiton.sa.kondisyon.nga.nabutang.sa.taas.,screeningQ_9
Interviewer..please.confirm.that.the.main.coconut.farmer.is.home.and.at.least.18.years.of.age...Main.coconut.farmer..is.the.person.who.self.identifies.as.making.most.of.the.decisions.regarding.coconut.management.,,Interviewer..please.confirm.that.the.main.coconut.farmer.is.home.and.at.least.18.years.of.age...Main.coconut.farmer..is.the.person.who.self.identifies.as.making.most.of.the.decisions.regarding.coconut.management.,screeningQ_10
Ask.screening.questions.for.enumerators.to.define..main.coconut.farmers..such.as..What.is.your.role.of.making.decision.in.investment.....What.aspects.on.farming.activities.do.you.manage.....Do.you.make.decision.on.farming.investments..,,Ask.screening.questions.for.enumerators.to.define..main.coconut.farmers..such.as..What.is.your.role.of.making.decision.in.investment.....What.aspects.on.farming.activities.do.you.manage.....Do.you.make.decision.on.farming.investments..,screeningQ_11
Respondent.Name,V2101,V2101Respondent.Name,V2101name
Respondent.phone.number,V2102,V2102Respondent.phone.number,V2102phone
Respondent.ethnicity,V2103,V2103Respondent.ethnicity,V2103ethnicity
Other.ethnicity,,Other.ethnicity,V2103ethnicity.other
Respondent.first.languange,V2104,V2104Respondent.first.languange,V2104first.languange
Other..fist.language,,Other..fist.language,V2104first.language.other
Respondent.religion.or.feel.close.to.any.religion,V2105,V2105Respondent.religion.or.feel.close.to.any.religion,V2105religion
Other.religion,specify_V2105,specify_V2105Other.religion,V2105religion.other
What.is.your.highest.level.of.educational.attainment.,V2106,V2106What.is.your.highest.level.of.educational.attainment.,V2106highest.education
Other.education,specify_V2106,specify_V2106Other.education,V2106highest.education.other
Respondent.gender,V2107,V2107Respondent.gender,V2107gender
Other.gender,specific_V2107,specific_V2107Other.gender,V2107gender.other
Respondent.relationship.to.household.head,V2108,V2108Respondent.relationship.to.household.head,V2108relationship.hh.head
Other.relationship.to.household.head,specify_V2108,specify_V2108Other.relationship.to.household.head,V2108relationship.hh.head.other
Asking.prompt.questions..for.example..Do.you.own.farmland.with.title...Are.____.hectares.owned.with.land.title.,,Asking.prompt.questions..for.example..Do.you.own.farmland.with.title...Are.____.hectares.owned.with.land.title.,Prompt_1
Interviewer..please.convert.all.land.area.to.hectares.using.the.following.ratios.,,Interviewer..please.convert.all.land.area.to.hectares.using.the.following.ratios.,Prompt_2
How.many.hectares.of.farmland.do.you.own.with.land.title.,V2201,V2201How.many.hectares.of.farmland.do.you.own.with.land.title.,V2201area.land.title.ha
How.many.hectares.of.farmland.do.you.own.without.land.title.,V2202,V2202How.many.hectares.of.farmland.do.you.own.without.land.title.,V2202area.no.land.title.ha
How.many.hectares.of.farmland.do.you.rent..hire.in..,V2203,V2203How.many.hectares.of.farmland.do.you.rent..hire.in..,V2203area.rent.in.ha
How.many.hectares.of.farmland.do.you..rent.out.to.others.,V2204,V2204How.many.hectares.of.farmland.do.you..rent.out.to.others.,V2204area.rent.out.ha
How.many.hectares.of.farmland.do.you.farm.as.a.tenant.for.another.landlord.,V2205,V2205How.many.hectares.of.farmland.do.you.farm.as.a.tenant.for.another.landlord.,V2205area.farm.as.tenant.ha
How.many.hectares.of.farmland.have.you.currently.pawned..mortgaged..away.,V2206,V2206How.many.hectares.of.farmland.have.you.currently.pawned..mortgaged..away.,V2206area.mortgaged.away.ha
V2207,V2207,V2207V2207,V2207total.land
Calculated.sum.of.land.owned.with.and.without.title..hired.in..and.under.tenant.landowner.relationship.is...V2207..hectares.of.land.,,Calculated.sum.of.land.owned.with.and.without.title..hired.in..and.under.tenant.landowner.relationship.is...V2207..hectares.of.land.,Check_V2207
CHECK..Do.you.currently.farm...V2207..hectares.of.land.,V2208,V2208CHECK..Do.you.currently.farm...V2207..hectares.of.land.,Check_V2208
Interviewer..if.the.total.is.not.equal.please.revise.the.farmland.area.questions.with.the.respondent.until.they.confirm.the.total.land.reflects.the.area.they.are.actively.farming.at.present.,,Interviewer..if.the.total.is.not.equal.please.revise.the.farmland.area.questions.with.the.respondent.until.they.confirm.the.total.land.reflects.the.area.they.are.actively.farming.at.present.,Check_V2208cont
What.is.the.best.description.of.your.coconut.and.cacao.cropping.systems...across.multiple.plots..if.applicable.,V2209,V2209What.is.the.best.description.of.your.coconut.and.cacao.cropping.systems...across.multiple.plots..if.applicable.,V2209coco.cacao.crop.system
Other.cropping.system,Specify_V2209,Specify_V2209Other.cropping.system,V2209coco.cacao.crop.system.other
Do.you.grow.any.other.crops..e.g..other.than.coconut.or.cacao..,V2210,V2210Do.you.grow.any.other.crops..e.g..other.than.coconut.or.cacao..,V2210other.crop.except.coco.cacao
Do.you.grow.any.other.crops..e.g..other.than.coconut.or.cacao...Banana,V2210/01,V2210/01Do.you.grow.any.other.crops..e.g..other.than.coconut.or.cacao...Banana,V2210/01other.crop.Banana
Do.you.grow.any.other.crops..e.g..other.than.coconut.or.cacao...Corn,V2210/02,V2210/02Do.you.grow.any.other.crops..e.g..other.than.coconut.or.cacao...Corn,V2210/02other.crop.Corn
Do.you.grow.any.other.crops..e.g..other.than.coconut.or.cacao...Rice,V2210/03,V2210/03Do.you.grow.any.other.crops..e.g..other.than.coconut.or.cacao...Rice,V2210/03other.crop.Rice
Do.you.grow.any.other.crops..e.g..other.than.coconut.or.cacao...Root.Crops,V2210/04,V2210/04Do.you.grow.any.other.crops..e.g..other.than.coconut.or.cacao...Root.Crops,V2210/04other.crop.Root.Crops
Do.you.grow.any.other.crops..e.g..other.than.coconut.or.cacao...Rubber,V2210/05,V2210/05Do.you.grow.any.other.crops..e.g..other.than.coconut.or.cacao...Rubber,V2210/05other.crop.Rubber
Do.you.grow.any.other.crops..e.g..other.than.coconut.or.cacao...Vegetables,V2210/06,V2210/06Do.you.grow.any.other.crops..e.g..other.than.coconut.or.cacao...Vegetables,V2210/06other.crop.Vegetables
Do.you.grow.any.other.crops..e.g..other.than.coconut.or.cacao...None,V2210/00,V2210/00Do.you.grow.any.other.crops..e.g..other.than.coconut.or.cacao...None,V2210/00other.crop.None
Do.you.grow.any.other.crops..e.g..other.than.coconut.or.cacao...Other..specify,V2210/90,V2210/90Do.you.grow.any.other.crops..e.g..other.than.coconut.or.cacao...Other..specify,V2210/90other.crop.Other
Other.crops..if.multiple..separate.by.comma.,specify_V2210,specify_V2210Other.crops..if.multiple..separate.by.comma.,V2210/90other.crop.Other.specify
Which.of.these.other.crops.contributes.the.most.to.your.household.income.,V2211,V2211Which.of.these.other.crops.contributes.the.most.to.your.household.income.,V2211other.crop.most.contribute.income
Other.crops.that.contibutes.the.most.income,specify_V2211,specify_V2211Other.crops.that.contibutes.the.most.income,V2211other.crop.most.contribute.income.Other
How.many.years.have.you.grown.coconut.,V2212,V2212How.many.years.have.you.grown.coconut.,V2212coco.experience.year
How.did.you.first.begin.coconut.farming.,V2213,V2213How.did.you.first.begin.coconut.farming.,V2213first.begin.coco
Other.start.coconut.farming,,Other.start.coconut.farming,V2213first.begin.coco.other
How.important.is.coconut.crop.to.your.household.income.,V2214,V2214How.important.is.coconut.crop.to.your.household.income.,V2214coco.importance.to.income
How.old.are.your.coconut.trees.,V2215,V2215How.old.are.your.coconut.trees.,V2215coco.age
What.is.the.variety.of.your.coconut.trees.,variety_V2215,variety_V2215What.is.the.variety.of.your.coconut.trees.,V2215coco.variety
Other..please.specify.coconut.variety,,Other..please.specify.coconut.variety,V2215coco.variety.other
How.many.total.hectares.of.your.land.did.you.use.for.growing.coconut.in.2019.,V2216,V2216How.many.total.hectares.of.your.land.did.you.use.for.growing.coconut.in.2019.,V2216coco.area.ha
How.many.total.coconut.plots.does.your.household.have.,V2217,V2217How.many.total.coconut.plots.does.your.household.have.,V2217no.coco.plot
What.is.the.plot.size.of.your.largest.coconut.plot...in.ha.,V2218,V2218What.is.the.plot.size.of.your.largest.coconut.plot...in.ha.,V2218area.LCocoP.ha
What.was.the.main.coconut.product.you.sold.in.2019.,V2219,V2219What.was.the.main.coconut.product.you.sold.in.2019.,V2219main.coco.product
Other.coconut.product,specify_V2219,specify_V2219Other.coconut.product,V2219main.coco.product.other
coconut_label,,coconut_label,coconut_label
What.was.the.total...coconut_label..output.in.2019.,V2220,V2220What.was.the.total...coconut_label..output.in.2019.,V2220coco.output
Unit.of.output,V2221,V2221Unit.of.output,V2221coco.output.unit
Other.unit,specify_V2221,specify_V2221Other.unit,V2221coco.output.unit.other
unit_label,,unit_label,unit_label
What.proportion.of.coconut.production.was.sold.in.2019.....,V2222,V2222What.proportion.of.coconut.production.was.sold.in.2019.....,V2222proportion.coco.sold
What.was.the.approximate.unit.price...pesos.kg..nuts..,V2223,V2223What.was.the.approximate.unit.price...pesos.kg..nuts..,V2223coco.unit.price
What.is.the.approximate.planting.density.of.coconut.trees.on.your.farm...trees.ha.,V2224,V2224What.is.the.approximate.planting.density.of.coconut.trees.on.your.farm...trees.ha.,V2224coco.density.tree.ha
Approximately.what.percentage.of.total.coconut.trees.in.your.farm.are.productive.....,V2225,V2225Approximately.what.percentage.of.total.coconut.trees.in.your.farm.are.productive.....,V2225coco.productive.percent
V2226,V2226,V2226V2226,V2226no.coco.tree
V2227,V2227,V2227V2227,V2227coco.per.tree
V2228,V2228,V2228V2228,V2228coco.gross.income
CHECK..Do.you.currently.grow....V2226..coconut.trees.with.an.average.productivity.of...V2227....unit_label..per.tree.,check_V2227,check_V2227CHECK..Do.you.currently.grow....V2226..coconut.trees.with.an.average.productivity.of...V2227....unit_label..per.tree.,check_V2227
With.the.gross.income.of...V2228..Pesos..what.was.your.net.income.from.coconut.production.in.2019.,check_V2228,check_V2228With.the.gross.income.of...V2228..Pesos..what.was.your.net.income.from.coconut.production.in.2019.,check_V2228coco.net.income
Interviewer..please.revise.the.farmland.area.questions.with.the.respondent.until.they.confirm.the.total.land.reflects.the.area.under.their.active.management.at.present.,,Interviewer..please.revise.the.farmland.area.questions.with.the.respondent.until.they.confirm.the.total.land.reflects.the.area.under.their.active.management.at.present.,Prompt_3
Did.you.apply.salt.fertilizer.on.your.coconut.plot.in.2019.,V2230,V2230Did.you.apply.salt.fertilizer.on.your.coconut.plot.in.2019.,V2230coco.prac.salt.fertilizer
Did.you.practice.harvesting.of.right.maturity.of.coconuts..based.on.the.products.to.be.sold..in.2019.,V2231,V2231Did.you.practice.harvesting.of.right.maturity.of.coconuts..based.on.the.products.to.be.sold..in.2019.,V2231coco.prac.harvest.right.maturity
What.harvest.cycle.of.coconuts.did.you.MOSTLY.follow.for.your.plot.in.2019.,V2232,V2232What.harvest.cycle.of.coconuts.did.you.MOSTLY.follow.for.your.plot.in.2019.,V2232coco.prac.harvest.cycle
Did.you.do.removal.of.old.skirted.mature.fronds..coconut.leaves..for.your.coconut.plot.in.2019.,V2233,V2233Did.you.do.removal.of.old.skirted.mature.fronds..coconut.leaves..for.your.coconut.plot.in.2019.,V2233coco.prac.remove.old.leaves
Did.you.do.pest.surveillance.including.checking.of.crowns.for.your.coconut.plot.in.2019.,V2234,V2234Did.you.do.pest.surveillance.including.checking.of.crowns.for.your.coconut.plot.in.2019.,V2234coco.prac.pest.surveillance
Did.you.document.coconut.production.and.marketing.records.to.make.informed.decisions.,V2235,V2235Did.you.document.coconut.production.and.marketing.records.to.make.informed.decisions.,V2235coco.prac.document.production.marketing
How.many.years.have.you.grown.cacao.,V2236,V2236How.many.years.have.you.grown.cacao.,V2236cacao.experience.year
How.did.you.first.begin.cacao.farming.,V2337,V2337How.did.you.first.begin.cacao.farming.,V2337first.begin.cacao
Other.start.cacao.farming,specify_V2237,specify_V2237Other.start.cacao.farming,V2337first.begin.cacao.other
What.is.the.main.motivation.for.you.to.plant.cacao.,V2238_motivation,V2238_motivationWhat.is.the.main.motivation.for.you.to.plant.cacao.,V2238motivation.for.cacao.
Other...please.specify,,Other...please.specify,V2238motivation.for.cacao.other
How.important.is.cacao.crop.to.your.household.income.,V2238,V2238How.important.is.cacao.crop.to.your.household.income.,V2238cacao.importance.to.income.
How.old.are.your.cacao.trees.,V2239,V2239How.old.are.your.cacao.trees.,V2239cacao.age
What.is.the.variety.of.your.cacao.trees.,Variety_V2239,Variety_V2239What.is.the.variety.of.your.cacao.trees.,V2239cacao.variety
Other..please.specify.cacao.variety,Other_variety_V2239,Other_variety_V2239Other..please.specify.cacao.variety,V2239cacao.variety.other
How.many.total.hectares.of.your.land.did.you.use.for.growing.cacao.in.2019.,V2240,V2240How.many.total.hectares.of.your.land.did.you.use.for.growing.cacao.in.2019.,V2240area.cacao.ha
How.many.total.cacao.plots.does.your.household.have.,V2241,V2241How.many.total.cacao.plots.does.your.household.have.,V2241no.cacao.plot
What.is.the.plot.size.of.your.largest.cacao.plot...in.ha.,V2242,V2242What.is.the.plot.size.of.your.largest.cacao.plot...in.ha.,V2242area.LCacaoP.ha
What.was.the.main.cacao.product.you.sold.in.2019.,V2243,V2243What.was.the.main.cacao.product.you.sold.in.2019.,V2243main.cacao.product
Other.cacao.product,specify_V2244,specify_V2244Other.cacao.product,V2243main.cacao.product.other
What.was.the.total.cacao.output.in.2019...kg.,V2245,V2245What.was.the.total.cacao.output.in.2019...kg.,V2245cacao.output.kg
What.proportion.of.cacao.production.was.sold.in.2019.....,V2246,V2246What.proportion.of.cacao.production.was.sold.in.2019.....,V2246proportion.cacao.sold
What.was.the.approximate.unit.price...pesos.kg.,V2247,V2247What.was.the.approximate.unit.price...pesos.kg.,V2247.cacao.unit.price
What.is.the.approximate.planting.density.of.cacao.trees.in.the.area.used.for.growing.cacao...trees.ha.,V2248,V2248What.is.the.approximate.planting.density.of.cacao.trees.in.the.area.used.for.growing.cacao...trees.ha.,V2248cacao.density.tree.ha
V2249,V2249,V2249V2249,V2249no.cacao.tree
V2250,V2250,V2250V2250,V2250cacao.per.tree
V2251,V2251,V2251V2251,V2251cacao.gross.income
CHECK..Do.you.currently.grow...V2249..cacao.trees.with.an.average.productivity.of...V2250..kg.tree.,check_V2250,check_V2250CHECK..Do.you.currently.grow...V2249..cacao.trees.with.an.average.productivity.of...V2250..kg.tree.,check_V2250
How.do.you.think.your.current.cacao.productivity.compared.with.your.expectation.,V2252_productivity,V2252_productivityHow.do.you.think.your.current.cacao.productivity.compared.with.your.expectation.,V2252cacao.productivity.meet.expectation
CHECK..With.the.gross.income.of...V2251..Pesos..what.was.your.net.income.from.cacao.production.in.2019.,check_V2251,check_V2251CHECK..With.the.gross.income.of...V2251..Pesos..what.was.your.net.income.from.cacao.production.in.2019.,check_V2251cacao.net.income
Interviewer..please.revise.the.largest.crop.productivity.questions.with.the.respondent.until.they.agree.it.is.correct,,Interviewer..please.revise.the.largest.crop.productivity.questions.with.the.respondent.until.they.agree.it.is.correct,Prompt_4
Did.you.intercrop.any.other.crops.with.cacao.in.2019.,V2252,V2252Did.you.intercrop.any.other.crops.with.cacao.in.2019.,V2252intercr.w.cacao
Did.you.intercrop.any.other.crops.with.cacao.in.2019..Banana,V2252/01,V2252/01Did.you.intercrop.any.other.crops.with.cacao.in.2019..Banana,V2252/01intercr.w.cacao.Banana
Did.you.intercrop.any.other.crops.with.cacao.in.2019..Corn,V2252/02,V2252/02Did.you.intercrop.any.other.crops.with.cacao.in.2019..Corn,V2252/02intercr.with.cacao.Corn
Did.you.intercrop.any.other.crops.with.cacao.in.2019..Rice,V2252/03,V2252/03Did.you.intercrop.any.other.crops.with.cacao.in.2019..Rice,V2252/03intercr.w.cacao.Rice
Did.you.intercrop.any.other.crops.with.cacao.in.2019..Root.crops,V2252/04,V2252/04Did.you.intercrop.any.other.crops.with.cacao.in.2019..Root.crops,V2252/04intercr.w.cacao.Root.crops
Did.you.intercrop.any.other.crops.with.cacao.in.2019..Rubber,V2252/05,V2252/05Did.you.intercrop.any.other.crops.with.cacao.in.2019..Rubber,V2252/05intercr.w.cacao.Rubber
Did.you.intercrop.any.other.crops.with.cacao.in.2019..Vegetables,V2252/06,V2252/06Did.you.intercrop.any.other.crops.with.cacao.in.2019..Vegetables,V2252/06intercr.w.cacao.Vegetables
Did.you.intercrop.any.other.crops.with.cacao.in.2019..Coconut,V2252/07,V2252/07Did.you.intercrop.any.other.crops.with.cacao.in.2019..Coconut,V2252/07intercr.w.cacao.Coconut
Did.you.intercrop.any.other.crops.with.cacao.in.2019..Papaya,V2252/08,V2252/08Did.you.intercrop.any.other.crops.with.cacao.in.2019..Papaya,V2252/08intercr.w.cacao.Papaya
Did.you.intercrop.any.other.crops.with.cacao.in.2019..Pineapple,V2252/09,V2252/09Did.you.intercrop.any.other.crops.with.cacao.in.2019..Pineapple,V2252/09intercr.w.cacao.Pineapple
Did.you.intercrop.any.other.crops.with.cacao.in.2019..Black.pepper,V2252/10,V2252/10Did.you.intercrop.any.other.crops.with.cacao.in.2019..Black.pepper,V2252/10intercr.w.cacao.Black.pepper
Did.you.intercrop.any.other.crops.with.cacao.in.2019..Durian,V2252/11,V2252/11Did.you.intercrop.any.other.crops.with.cacao.in.2019..Durian,V2252/11intercr.w.cacao.Durian
Did.you.intercrop.any.other.crops.with.cacao.in.2019..Lanzones,V2252/12,V2252/12Did.you.intercrop.any.other.crops.with.cacao.in.2019..Lanzones,V2252/12intercr.w.cacao.Lanzones
Did.you.intercrop.any.other.crops.with.cacao.in.2019..None,V2252/00,V2252/00Did.you.intercrop.any.other.crops.with.cacao.in.2019..None,V2252/00intercr.w.cacao.None
Did.you.intercrop.any.other.crops.with.cacao.in.2019..Other..specify,V2252/90,V2252/90Did.you.intercrop.any.other.crops.with.cacao.in.2019..Other..specify,V2252/90intercr.w.cacao.Other
Other.crops,specify_V2252,specify_V2252Other.crops,V2252/90intercr.w.cacao.Other.specify
V2211_farming,V2211_farming,V2211_farmingV2211_farming,V2211intercr.w.cacao.most.contribute.income
I.would.like.to.ask.you.about...V2211_farming..farming,,I.would.like.to.ask.you.about...V2211_farming..farming,Prompt_5
How.important.is...V2211_farming..crop.to.your.household.income.,V2253,V2253How.important.is...V2211_farming..crop.to.your.household.income.,V2253.V2211crop.importance.to.income
How.many.total.hectares.of.your.land.did.you.use.for.growing...V2211_farming..in.2019.,V2254,V2254How.many.total.hectares.of.your.land.did.you.use.for.growing...V2211_farming..in.2019.,V2254area.V2211crop.ha
What.was.the.total...V2211_farming..output.in.2019...kg.,V2255,V2255What.was.the.total...V2211_farming..output.in.2019...kg.,V2255.V2211crop.output.kg
What.proportion.of...V2211_farming..production.was.sold.in.2019.....,V2256,V2256What.proportion.of...V2211_farming..production.was.sold.in.2019.....,V2256proportion.V2211crop.sold
What.was.the...V2211_farming..approximate.unit.price...pesos.kg.,V2257,V2257What.was.the...V2211_farming..approximate.unit.price...pesos.kg.,V2257.V2211crop.unit.price
Even.if.currently.not.cultivating.cacao..have.you.ever.tried.to.intercrop.coconut.with.cacao.,V2301,V2301Even.if.currently.not.cultivating.cacao..have.you.ever.tried.to.intercrop.coconut.with.cacao.,V2301ever.try.intercr.coco.cacao
What.was.the.main.motivation.for.you.to.start.intercropping.with.cacao.,V2303,V2303What.was.the.main.motivation.for.you.to.start.intercropping.with.cacao.,V2303motivation.intercr.cacao
Other.motivation,specify_V2303,specify_V2303Other.motivation,V2303motivation.intercr.cacao.other
Company.s.name,,Company.s.name,Company.name
Farmer.association.name,,Farmer.association.name,Farmer.association.name
Cooperative.name,,Cooperative.name,Cooperative.name
Which.one.is.your.main.crop.leading.crop.to.which.you.pay.most.attention.,V2304,V2304Which.one.is.your.main.crop.leading.crop.to.which.you.pay.most.attention.,V2304main.crop.most.attention
On.a.scale.of.1.to.4..4.being.the.highest..how.would.you.rate.your.knowledge.relative.to.other.in.intercropping.cacao.in.your.area.,V2305,V2305On.a.scale.of.1.to.4..4.being.the.highest..how.would.you.rate.your.knowledge.relative.to.other.in.intercropping.cacao.in.your.area.,V2305rate.knowledge.intercr.cacao
Do.any.of.your.friends..family.members.grow.cacao.,V2306,V2306Do.any.of.your.friends..family.members.grow.cacao.,V2306friend.family.cacao
If.yes..do.you.think.they.succeed.in.cacao.cultivation.relative.to.others.that.you.know.,V2307,V2307If.yes..do.you.think.they.succeed.in.cacao.cultivation.relative.to.others.that.you.know.,V2307friend.family.success.cacao
Do.you.feel.that.producing.cacao.has.improved.the.household.living.condition.compared.to.growing.coconut.only.,V2401,V2401Do.you.feel.that.producing.cacao.has.improved.the.household.living.condition.compared.to.growing.coconut.only.,V2401cacao.improve.living.compare.coco
Do.you.feel.that.cacao.will.improve.your.household.living.condition.in.the.future.,V2402,V2402Do.you.feel.that.cacao.will.improve.your.household.living.condition.in.the.future.,V2402cacao.improve.living.future
Are.you.looking.for.grow.subtitutes.for.cacao.,V2403,V2403Are.you.looking.for.grow.subtitutes.for.cacao.,V2403look.for.subtitutes.cacao.
Do.you.feel.like.you.are.struggling.with.or.satisfied.with.your.cacao.production.,V2404,V2404Do.you.feel.like.you.are.struggling.with.or.satisfied.with.your.cacao.production.,V2404struggle.satisfied.w.cacao
This.note.can.be.read.out.loud,,This.note.can.be.read.out.loud,Prompt_6
Farm.operations,,Farm.operations,Section.Farmoperations
I.don.t.have.enough.land.for.intercropping.coconut.with.cacao,,I.don.t.have.enough.land.for.intercropping.coconut.with.cacao,Strg.Farmops.not.enough.land.intercr
I.would.need.to.cut.down.productive.coconut.trees.to...make.space,,I.would.need.to.cut.down.productive.coconut.trees.to...make.space,Strg.Farmops.need.cut.down.coco.for.space
The.soil.type.in.my.farm.is.not.suitable.for.cacao,,The.soil.type.in.my.farm.is.not.suitable.for.cacao,Strg.Farmops.soil.unsuitable.cacao
I.didn.t.have.couldn.t.find.quality.seeds.variety,,I.didn.t.have.couldn.t.find.quality.seeds.variety,Strg.Farmops.cannot.find.quality.seed
I.don.t.know.where.to.get.inputs..fertilizers..pesticides..manure.,,I.don.t.know.where.to.get.inputs..fertilizers..pesticides..manure.,Strg.Farmops.unknow.where.get.fert.pest
I.have.difficulty.accessing.agricultural.machinery,,I.have.difficulty.accessing.agricultural.machinery,Strg.Farmops.difficulty.machinery
Cacao.might.reduce.coconut.productivity,,Cacao.might.reduce.coconut.productivity,Strg.Farmops.cacao.reduce.coco.prod
Cacao.might.increase.the.difficulty.in.managing.my.farm,,Cacao.might.increase.the.difficulty.in.managing.my.farm,Strg.Farmops.cacao.more.difficult.manage.farm
Knowledge...Technical.capacity,,Knowledge...Technical.capacity,Section.Knowledge.Technical.capacity
I.am.not.familiar.with.complicated.management.practices,,I.am.not.familiar.with.complicated.management.practices,Strg.KTC.unfarmilliar.w.complicated.management
I.don.t.know.how.to.get.sustainability.certifications..e.g..Fairtrade..Organic.,,I.don.t.know.how.to.get.sustainability.certifications..e.g..Fairtrade..Organic.,Strg.KTC.unknow.where.get.sustainability.certi
I.don.t.have.any.guidance.from.the.government.or.NGOs,,I.don.t.have.any.guidance.from.the.government.or.NGOs,Strg.KTC.no.guidance.fr.gov.NGO
Risks,,Risks,Section.Risks
My.farm.experienced.negative.impacts.from.pest.and.diseases,,My.farm.experienced.negative.impacts.from.pest.and.diseases,Strg.Risk.negative.impacts.fr.P.and.D
My.farm.experienced.negative.impacts.from.extreme.events,,My.farm.experienced.negative.impacts.from.extreme.events,Strg.Risk.negative.impacts.fr.extreme.event
Pricing.and.market.access,,Pricing.and.market.access,Section.Pricing.and.market.access
I.don.t.have.access.to.market,,I.don.t.have.access.to.market,Strg.Market.no.access.to.market
I.don.t.know.where.to.find.transportation.services,,I.don.t.know.where.to.find.transportation.services,Strg.Market.unknow.where.find.transport.service
I.don.t.know.where.to.get.storage.and.handling.services.for.my.products,,I.don.t.know.where.to.get.storage.and.handling.services.for.my.products,Strg.Market.unknow.where.get.storage.handling.service
I.don.t.receive.a.fair.price.compared.to.people.in.my.network,,I.don.t.receive.a.fair.price.compared.to.people.in.my.network,Strg.Market.unfair.price.compared.to.ppl.in.network
I.have.no.ability.to.influence.the.price,,I.have.no.ability.to.influence.the.price,Strg.Market.inability.influence.price
The.buyer.I.sell.to.doesn.t.provide.any.support,,The.buyer.I.sell.to.doesn.t.provide.any.support,Strg.Market.buyer.provide.no.support
Cacao.crop.has.low.rate.of.return,,Cacao.crop.has.low.rate.of.return,Strg.Market.cacao.low.rate.return
Initial.investment.and.access.to.finance,,Initial.investment.and.access.to.finance,Section.Initial.investment.and.access.to.finance
Cacao.coconut.intercropping.requires.high.investment.costs.and.I.have.no.money.to.invest,,Cacao.coconut.intercropping.requires.high.investment.costs.and.I.have.no.money.to.invest,Strg.FinAccess.cacao.high.invest.but.no.money.to.invest
I.have.difficulties.in.access.to.credits..loan,,I.have.difficulties.in.access.to.credits..loan,Strg.FinAccess.difficulties.access.credits
Labor,,Labor,Section.Labor
Intercropping.is.more.labor.intensive.than.monocropping,,Intercropping.is.more.labor.intensive.than.monocropping,Strg.Labor.intercr.labor.intensive.than.monocr
There.is.insufficient.labor.available.in.the.community,,There.is.insufficient.labor.available.in.the.community,Strg.Labor.insufficient.labor.in.community
There.is.insufficient.labor.in.my.household,,There.is.insufficient.labor.in.my.household,Strg.Labor.insufficient.labor.in.hh
Safety.and.security,,Safety.and.security,Section.Safety.and.security
The.farms.and.household.are.not.safe.from.robbery,,The.farms.and.household.are.not.safe.from.robbery,Strg.Safety.farms.hh.not.safe.fr.robbery
There.is.risk.of.disruption.to.peace.and.security,,There.is.risk.of.disruption.to.peace.and.security,Strg.Safety.risk.disrupt.peace.and.security
It.is.not.safe.to.transit.in.the.area.without.fear.of.suffering.an.aggression.or.assault,,It.is.not.safe.to.transit.in.the.area.without.fear.of.suffering.an.aggression.or.assault,Strg.Safety.this.area.unsafe.transit.aggression.assault
If.satisfied..please.specify.to.which.extent.you.agree.with.the.below.as.reasons.of.your.success.in.intercropping.cacao.to.your.farm.,,If.satisfied..please.specify.to.which.extent.you.agree.with.the.below.as.reasons.of.your.success.in.intercropping.cacao.to.your.farm.,CacaoSatified
Farm.operations.1,,Farm.operations.1,Section.Farm.operations.1
I.have.sufficient.land.for.intercropping.coconut.with.cacao,,I.have.sufficient.land.for.intercropping.coconut.with.cacao,Reverse.Farmops.not.enough.land.intercr
I.wouldn.t.need.to.cut.down.productive.coconut.trees.to.make.space,,I.wouldn.t.need.to.cut.down.productive.coconut.trees.to.make.space,Reverse.Farmops.need.cut.down.coco.for.space
The.soil.type.in.my.farm.is.suitable.for.cacao,,The.soil.type.in.my.farm.is.suitable.for.cacao,Reverse.Farmops.soil.unsuitable.cacao
I.had.high.quality.seedlings.variety,,I.had.high.quality.seedlings.variety,Reverse.Farmops.cannot.find.quality.seed
I.know.exactly.where.to.get.inputs..fertilizers..pesticides..manure.,,I.know.exactly.where.to.get.inputs..fertilizers..pesticides..manure.,Reverse.Farmops.unknow.where.get.fert.pest
I.have.no.difficulty.accessing.agricultural.machinery,,I.have.no.difficulty.accessing.agricultural.machinery,Reverse.Farmops.difficulty.machinery
Cacao.doesn.t.reduce.coconut.productivity,,Cacao.doesn.t.reduce.coconut.productivity,Reverse.Farmops.cacao.reduce.coco.prod
Cacao.doesn.t.increase.the.difficulty.in.managing.my.farm,,Cacao.doesn.t.increase.the.difficulty.in.managing.my.farm,Reverse.Farmops.cacao.more.difficult.manage.farm
Knowledge...Technical.capacity.1,,Knowledge...Technical.capacity.1,Section.Knowledge...Technical.capacity.1
I.am.familiar.with.complicated.management.practices,,I.am.familiar.with.complicated.management.practices,Reverse.KTC.unfarmilliar.w.complicated.management
I.know.how.to.I.could.get.sustainability.certifications..e.g..Fairtrade..Organic.,,I.know.how.to.I.could.get.sustainability.certifications..e.g..Fairtrade..Organic.,Reverse.KTC.unknow.where.get.sustainability.certi
I.have.guidance.from.the.government.or.NGOs,,I.have.guidance.from.the.government.or.NGOs,Reverse.KTC.no.guidance.fr.gov.NGO
Risks.1,,Risks.1,Section.Risks.1
My.farm.could.avoid.negative.impacts.from.pest.and.diseases,,My.farm.could.avoid.negative.impacts.from.pest.and.diseases,Reverse.Risk.negative.impacts.fr.P.and.D
My.farm.could.avoid.negative.impacts.from.extreme.events,,My.farm.could.avoid.negative.impacts.from.extreme.events,Reverse.Risk.negative.impacts.fr.extreme.event
Pricing.and.market.access.1,,Pricing.and.market.access.1,Section.Pricing.and.market.access.1
I.have.access.to.market,,I.have.access.to.market,Reverse.Market.no.access.to.market
I.know.where.to.find.transportation.services,,I.know.where.to.find.transportation.services,Reverse.Market.unknow.where.find.transport.service
I.know.where.to.get.storage.and.handling.services.for.my.products,,I.know.where.to.get.storage.and.handling.services.for.my.products,Reverse.Market.unknow.where.get.storage.handling.service
I.receive.a.fair.price.compared.to.people.in.my.network,,I.receive.a.fair.price.compared.to.people.in.my.network,Reverse.Market.unfair.price.compared.to.ppl.in.network
I.have.the.ability.to.influence.the.price,,I.have.the.ability.to.influence.the.price,Reverse.Market.inability.influence.price
The.buyer.I.sell.to.provide.many.support,,The.buyer.I.sell.to.provide.many.support,Reverse.Market.buyer.provide.no.support
Cacao.crop.has.high.rate.of.return,,Cacao.crop.has.high.rate.of.return,Reverse.Market.cacao.low.rate.return
Initial.investment.and.access.to.finance.1,,Initial.investment.and.access.to.finance.1,Section.Initial.investment.and.access.to.finance.1
Cacao.coconut.intercropping.doesn.t.require.high.investment.costs..and.I.have.enough.money.to.invest,,Cacao.coconut.intercropping.doesn.t.require.high.investment.costs..and.I.have.enough.money.to.invest,Reverse.FinAccess.cacao.high.invest.but.no.money.to.invest
I.have.no.difficulty.accessing.credit.loans,,I.have.no.difficulty.accessing.credit.loans,Reverse.FinAccess.difficulties.access.credits
Labor.1,,Labor.1,Section.Labor.1
Intercropping.is.not.that..labor.intensive.than.monocropping,,Intercropping.is.not.that..labor.intensive.than.monocropping,Reverse.Labor.intercr.labor.intensive.than.monocr
There.is.sufficient.labor.available.in.the.community,,There.is.sufficient.labor.available.in.the.community,Reverse.Labor.insufficient.labor.in.community
There.is.sufficient.labor.in.my.household,,There.is.sufficient.labor.in.my.household,Reverse.Labor.insufficient.labor.in.hh
Safety.and.security.1,,Safety.and.security.1,Section.Safety.and.security.1
The.farms.and.household.are.safe.from.robbery,,The.farms.and.household.are.safe.from.robbery,Reverse.Safety.farms.hh.not.safe.fr.robbery
There.is.no.risk.of.disruption.to.peace.and.security,,There.is.no.risk.of.disruption.to.peace.and.security,Reverse.Safety.risk.disrupt.peace.and.security
It.is.safe.to.transit.in.the.area.without.fear.of.suffering.an.aggression.or.assault,,It.is.safe.to.transit.in.the.area.without.fear.of.suffering.an.aggression.or.assault,Reverse.Safety.this.area.unsafe.transit.aggression.assault
If.not.currently.or.have.not.ever.planted.cacao..please.specify.to.what.extent.you.agree.with.the.below.as.reasons.for.not.attempting.to.intercrop.cacao.in.your.farm,,If.not.currently.or.have.not.ever.planted.cacao..please.specify.to.what.extent.you.agree.with.the.below.as.reasons.for.not.attempting.to.intercrop.cacao.in.your.farm,CacaoNoCacao
Farm.operations.2,,Farm.operations.2,Section.Farm.operations.2
I.don.t.have.enough.land.for.intercropping.coconut.with.cacao.1,,I.don.t.have.enough.land.for.intercropping.coconut.with.cacao.1,NCC.Farmops.not.enough.land.intercr
I.would.need.to.cut.down.productive.coconut.trees.to...make.space.1,,I.would.need.to.cut.down.productive.coconut.trees.to...make.space.1,NCC.Farmops.need.cut.down.coco.for.space
The.soil.type.in.my.farm.is.not.suitable.for.cacao.1,,The.soil.type.in.my.farm.is.not.suitable.for.cacao.1,NCC.Farmops.soil.unsuitable.cacao
I.didn.t.have.couldn.t.find.quality.seeds.variety.1,,I.didn.t.have.couldn.t.find.quality.seeds.variety.1,NCC.Farmops.cannot.find.quality.seed
I.don.t.know.where.to.get.inputs..fertilizers..pesticides..manure..1,,I.don.t.know.where.to.get.inputs..fertilizers..pesticides..manure..1,NCC.Farmops.unknow.where.get.fert.pest
I.have.difficult.access.to.agricultural.machinery.for.post.harvest.processing,,I.have.difficult.access.to.agricultural.machinery.for.post.harvest.processing,NCC.Farmops.difficulty.machinery
Cacao.might.reduce.coconut.productivity.1,,Cacao.might.reduce.coconut.productivity.1,NCC.Farmops.cacao.reduce.coco.prod
Cacao.might.increase.the.difficulty.in.managing.my.farm.1,,Cacao.might.increase.the.difficulty.in.managing.my.farm.1,NCC.Farmops.cacao.more.difficult.manage.farm
Knowledge...Technical.capacity.2,,Knowledge...Technical.capacity.2,Section.Knowledge...Technical.capacity.2
I.am.not.familiar.with.complicated.management.practices.1,,I.am.not.familiar.with.complicated.management.practices.1,NCC.KTC.unfarmilliar.w.complicated.management
I.don.t.know.how.to.get.sustainability.certifications..e.g..Fairtrade..Organic..1,,I.don.t.know.how.to.get.sustainability.certifications..e.g..Fairtrade..Organic..1,NCC.KTC.unknow.where.get.sustainability.certi
I.don.t.have.any.guidance.from.the.government.or.NGOs.1,,I.don.t.have.any.guidance.from.the.government.or.NGOs.1,NCC.KTC.no.guidance.fr.gov.NGO
Risks.2,,Risks.2,Section.Risks.2
My.farm.experienced.negative.impacts.from.pest.and.diseases.1,,My.farm.experienced.negative.impacts.from.pest.and.diseases.1,NCC.Risk.negative.impacts.fr.P.and.D
My.farm.experienced.negative.impacts.from.extreme.events.1,,My.farm.experienced.negative.impacts.from.extreme.events.1,NCC.Risk.negative.impacts.fr.extreme.event
Pricing.and.market.access.2,,Pricing.and.market.access.2,Section.Pricing.and.market.access.2
I.don.t.have.access.to.market.1,,I.don.t.have.access.to.market.1,NCC.Market.no.access.to.market
I.don.t.know.where.to.find.transportation.services.1,,I.don.t.know.where.to.find.transportation.services.1,NCC.Market.unknow.where.find.transport.service
I.don.t.know.where.to.get.storage.services.for.my.products,,I.don.t.know.where.to.get.storage.services.for.my.products,NCC.Market.unknow.where.get.storage.handling.service
I.don.t.receive.a.fair.price.compared.to.farmers.in.my.network,,I.don.t.receive.a.fair.price.compared.to.farmers.in.my.network,NCC.Market.unfair.price.compared.to.ppl.in.network
I.have.no.ability.to.influence.the.price.1,,I.have.no.ability.to.influence.the.price.1,NCC.Market.inability.influence.price
The.buyer.I.sell.to.doesn.t.provide.support,,The.buyer.I.sell.to.doesn.t.provide.support,NCC.Market.buyer.provide.no.support
Cacao.crop.has.a.low.rate.of.return,,Cacao.crop.has.a.low.rate.of.return,NCC.Market.cacao.low.rate.return
Initial.investment.and.access.to.finance.2,,Initial.investment.and.access.to.finance.2,Section.Initial.investment.and.access.to.finance.2
Cacao.coconut.intercropping.requires.high.investment.costs.and.I.have.no.money.to.invest.1,,Cacao.coconut.intercropping.requires.high.investment.costs.and.I.have.no.money.to.invest.1,NCC.FinAccess.cacao.high.invest.but.no.money.to.invest
I.have.difficulties.in.access.to.credits..loan.1,,I.have.difficulties.in.access.to.credits..loan.1,NCC.FinAccess.difficulties.access.credits
Labor.2,,Labor.2,Section.Labor.2
Intercropping.is.more.labor.intensive.than.monocropping.1,,Intercropping.is.more.labor.intensive.than.monocropping.1,NCC.Labor.intercr.labor.intensive.than.monocr
There.is.insufficient.labor.available.in.the.community.1,,There.is.insufficient.labor.available.in.the.community.1,NCC.Labor.insufficient.labor.in.community
There.is.insufficient.labor.in.my.household.1,,There.is.insufficient.labor.in.my.household.1,NCC.Labor.insufficient.labor.in.hh
Safety.and.security.2,,Safety.and.security.2,Section.Safety.and.security.2
The.farms.and.household.are.not.safe.from.robbery.1,,The.farms.and.household.are.not.safe.from.robbery.1,NCC.Safety.farms.hh.not.safe.fr.robbery
There.is.risk.of.disruption.to.peace.and.security.1,V2725,V2725There.is.risk.of.disruption.to.peace.and.security.1,NCC.Safety.risk.disrupt.peace.and.security
It.is.not.safe.to.transit.in.the.area.without.fear.of.suffering.an.aggression.or.assault.1,V2726,V2726It.is.not.safe.to.transit.in.the.area.without.fear.of.suffering.an.aggression.or.assault.1,NCC.Safety.this.area.unsafe.transit.aggression.assault
Imagine.that.your.neighbor.wants.to.rent.out.the.land.underneath.your.coconut.trees.to.grow.cacao..They.offer.to.pay.you.5.000.pesos.per.year..Would.you.agree.,V2802,V2802Imagine.that.your.neighbor.wants.to.rent.out.the.land.underneath.your.coconut.trees.to.grow.cacao..They.offer.to.pay.you.5.000.pesos.per.year..Would.you.agree.,V2802neighbor.rent.land.underneath.5.000.pesos.per.year
Imagine.that.your.neighbor.wants.to.rent.out.the.land.underneath.your.coconut.trees.to.grow.cacao..They.offer.to.pay.you.10.000.pesos.per.year..Would.you.agree.,V2803,V2803Imagine.that.your.neighbor.wants.to.rent.out.the.land.underneath.your.coconut.trees.to.grow.cacao..They.offer.to.pay.you.10.000.pesos.per.year..Would.you.agree.,V2803neighbor.rent.land.underneath.10.000.pesos.per.year
Imagine.that.your.neighbor.wants.to.rent.out.the.land.underneath.your.coconut.trees.to.grow.cacao..They.offer.to.pay.you.20.000.pesos.per.year..Would.you.agree.,V2804,V2804Imagine.that.your.neighbor.wants.to.rent.out.the.land.underneath.your.coconut.trees.to.grow.cacao..They.offer.to.pay.you.20.000.pesos.per.year..Would.you.agree.,V2804neighbor.rent.land.underneath.20.000.pesos.per.year
If.No..Why.not.,V2804_reason,V2804_reasonIf.No..Why.not.,V2804reason.not.agree.neighbor.rent.land
Imagine.that.a.cacao.trader.approaches.you.to.rent.out.the.land.underneath.your.coconut.trees.to.for.the.same.rate..Would.you.also.agree.,V2805,V2805Imagine.that.a.cacao.trader.approaches.you.to.rent.out.the.land.underneath.your.coconut.trees.to.for.the.same.rate..Would.you.also.agree.,V2805cacao.trader.rent.land.underneath
If.No..Why.not..1,V2805_reason,V2805_reasonIf.No..Why.not..1,V2805reason.not.agree.trader.rent.land
What.was.your.household.total.income.last.year..2019..,V3101,V3101What.was.your.household.total.income.last.year..2019..,V3101income.2019.
What.was.your.largest.source.of.income.in.2019.,V3102,V3102What.was.your.largest.source.of.income.in.2019.,V3102largest.source.income.2019.
In.2019.did.more.money.come.from.sales.of.farm.produce..or.from.the.off.farm.cash.activities.,V3103,V3103In.2019.did.more.money.come.from.sales.of.farm.produce..or.from.the.off.farm.cash.activities.,V3103income.fr.on.farm.or.off.farm
What.kinds.of.investments.have.you.made.for.your.farm.in.2019...You.can.choose.more.than.one.,V3104,V3104What.kinds.of.investments.have.you.made.for.your.farm.in.2019...You.can.choose.more.than.one.,V3104.Investment.2019
What.kinds.of.investments.have.you.made.for.your.farm.in.2019...You.can.choose.more.than.one..Planting.material..seedlings.pods.,V3104/01,V3104/01What.kinds.of.investments.have.you.made.for.your.farm.in.2019...You.can.choose.more.than.one..Planting.material..seedlings.pods.,V3104/01Planting.material.seedlings.pods.
What.kinds.of.investments.have.you.made.for.your.farm.in.2019...You.can.choose.more.than.one..Pesticides,V3104/02,V3104/02What.kinds.of.investments.have.you.made.for.your.farm.in.2019...You.can.choose.more.than.one..Pesticides,V3104/02Pesticides
What.kinds.of.investments.have.you.made.for.your.farm.in.2019...You.can.choose.more.than.one..Fertilizers,V3104/03,V3104/03What.kinds.of.investments.have.you.made.for.your.farm.in.2019...You.can.choose.more.than.one..Fertilizers,V3104/03Fertilizers
What.kinds.of.investments.have.you.made.for.your.farm.in.2019...You.can.choose.more.than.one..Farming.equipment.machinery,V3104/04,V3104/04What.kinds.of.investments.have.you.made.for.your.farm.in.2019...You.can.choose.more.than.one..Farming.equipment.machinery,V3104/04Farming.equipment.machinery
What.kinds.of.investments.have.you.made.for.your.farm.in.2019...You.can.choose.more.than.one..Storage,V3104/05,V3104/05What.kinds.of.investments.have.you.made.for.your.farm.in.2019...You.can.choose.more.than.one..Storage,V3104/05Storage
What.kinds.of.investments.have.you.made.for.your.farm.in.2019...You.can.choose.more.than.one..Other..specify,V3104/90,V3104/90What.kinds.of.investments.have.you.made.for.your.farm.in.2019...You.can.choose.more.than.one..Other..specify,V3104/90specify
What.kinds.of.investments.have.you.made.for.your.farm.in.2019...You.can.choose.more.than.one..None,V3104/00,V3104/00What.kinds.of.investments.have.you.made.for.your.farm.in.2019...You.can.choose.more.than.one..None,V3104/00None
Other.investment,Specify_V3104,Specify_V3104Other.investment,V3104investmentOther
Among.the.above.investments..which.one.improved.your.turn.over.the.most.successfully,V3105,V3105Among.the.above.investments..which.one.improved.your.turn.over.the.most.successfully,V3105most.successful.investment
Other..most.succesful.investment,Other_V3105,Other_V3105Other..most.succesful.investment,V3105most.successful.investment.other
Do.you.have.any.credit..advance.or.loan.outstanding.in.2019.,V3106,V3106Do.you.have.any.credit..advance.or.loan.outstanding.in.2019.,V3106credit.advance.loan.outstanding.2019.
If.yes..where.did.you.get.the.credit.from.,V3107,V3107If.yes..where.did.you.get.the.credit.from.,V3107credit.source
Other.credit.source,Specify_V3107,Specify_V3107Other.credit.source,Specify_V3107Or.credit.source
If.yes..what.was.the.purpose.of.the.loan...In.case.of.multiple.loans..think.of.the.largest.one.only.,V3108,V3108If.yes..what.was.the.purpose.of.the.loan...In.case.of.multiple.loans..think.of.the.largest.one.only.,V3108credit.purpose
Other.credit.purpose,Specify_V31078,Specify_V31078Other.credit.purpose,Specify_V31078Or.credit.purpose
Do.you.have.access.to.Philippines.Crop.Insurance.Corporation.,V3109,V3109Do.you.have.access.to.Philippines.Crop.Insurance.Corporation.,V3109Philippines.Crop.Insurance.access
Have.you.suffered.losses.on.your.farm..pests..draught..natural.calamities..etc...,V3110,V3110Have.you.suffered.losses.on.your.farm..pests..draught..natural.calamities..etc...,V3110suffered.losses.on.farm
If.yes.to.both.prior.questions..did.the.insurance.pay.,V3111,V3111If.yes.to.both.prior.questions..did.the.insurance.pay.,V3111insurance.pay.or.not
Is.that.easy.to.get.payment.from.insurance.,V3112,V3112Is.that.easy.to.get.payment.from.insurance.,V3112easy.to.get.payment.from.insurance.
How.much.does.your.household.income.fluctuate.,V3113,V3113How.much.does.your.household.income.fluctuate.,V3113income.fluctuate
How.much.do.income.fluctuations.affect.the.wellbeing.of.members.of.your.household.,V3114,V3114How.much.do.income.fluctuations.affect.the.wellbeing.of.members.of.your.household.,V3114income.fluctuations.impact
In.your.opinion..what.is.the.very.lowest.monthly.net.income.that.your.household.would.have.to.have.in.order.to.have.enough.money.to.buy.what.you.need.to.live..after.tax.per.month..,V3115,V3115In.your.opinion..what.is.the.very.lowest.monthly.net.income.that.your.household.would.have.to.have.in.order.to.have.enough.money.to.buy.what.you.need.to.live..after.tax.per.month..,V3115lowest.monthly.net.income
Which.monthly.net.income.would.you..in.your.circumstances..consider.to.be.very.good..after.tax.per.month..,V3116,V3116Which.monthly.net.income.would.you..in.your.circumstances..consider.to.be.very.good..after.tax.per.month..,V3116good.monthly.net.income
Concerning.your.household.s.basic.consumptions..food..clothing..healthcare..children.s.schooling..consumption.in.the.current.month..which.of.the.following.is.true.,V3117,V3117Concerning.your.household.s.basic.consumptions..food..clothing..healthcare..children.s.schooling..consumption.in.the.current.month..which.of.the.following.is.true.,V3117income.adequate.consumption
What.is.your.primary.source.of.irrigation.,V3201,V3201What.is.your.primary.source.of.irrigation.,V3201source.irrigation.
Does.the.water.supply.meet.your.needs.for.irrigation.,V3202,V3202Does.the.water.supply.meet.your.needs.for.irrigation.,V3202water.supply.meet.irrigation.need
How.many.TVs.are.there.in.your.household.,V3301,V3301How.many.TVs.are.there.in.your.household.,V3301no.TVs
How.many.radios.are.there.in.your.household.,V3302,V3302How.many.radios.are.there.in.your.household.,V3302no.radios
How.many.smartphones.are.there.in.your.household.,V3303,V3303How.many.smartphones.are.there.in.your.household.,V3303no.smartphone
How.many.cellphones.are.there.in.your.household.,V3304,V3304How.many.cellphones.are.there.in.your.household.,V3304no.cellphone
How.many.sala.sets..sofa..are.there.in.your.household.,V3305,V3305How.many.sala.sets..sofa..are.there.in.your.household.,V3305no.sala.sets
How.many.refrigerators.are.there.in.your.household.,V3306,V3306How.many.refrigerators.are.there.in.your.household.,V3306no.refrigerators
How.many.washing.machines.are.there.in.your.household.,V3307,V3307How.many.washing.machines.are.there.in.your.household.,V3307no.washing.machine
How.many.motorcycles.are.there.in.your.household.,V3308,V3308How.many.motorcycles.are.there.in.your.household.,V3308no.motorcycle
What.Outer.Walls.Construction.Materials.are.used.in.your.household.,V3309,V3309What.Outer.Walls.Construction.Materials.are.used.in.your.household.,V3309.Outer.Walls.Construct.Materials
What.Outer.Walls.Construction.Materials.are.used.in.your.household..Concrete,V3309/01,V3309/01What.Outer.Walls.Construction.Materials.are.used.in.your.household..Concrete,V3309/01.Construct.Materials.Concrete
What.Outer.Walls.Construction.Materials.are.used.in.your.household..Wood,V3309/02,V3309/02What.Outer.Walls.Construction.Materials.are.used.in.your.household..Wood,V3309/02Construct.Materials.Wood
What.Outer.Walls.Construction.Materials.are.used.in.your.household..Metal,V3309/03,V3309/03What.Outer.Walls.Construction.Materials.are.used.in.your.household..Metal,V3309/03Construct.Materials.Metal
What.Outer.Walls.Construction.Materials.are.used.in.your.household..Other,V3309/90,V3309/90What.Outer.Walls.Construction.Materials.are.used.in.your.household..Other,V3309/90Construct.Materials.Specify
Other.Construction.Materials,specify_V3309,specify_V3309Other.Construction.Materials,specify_V3309Or.Construct.Materials
How.many.covered.solar.dryers.do.you.own.,V3310,V3310How.many.covered.solar.dryers.do.you.own.,V3310no.covered.solar.dryers
How.many.fermentation.boxes.do.you.own.,V3311,V3311How.many.fermentation.boxes.do.you.own.,V3311no.fermentation.boxes
How.many.dry.bags.do.you.own.,V3312,V3312How.many.dry.bags.do.you.own.,V3312no.dry.bags
How.many.secateurs.do.you.own.,V3313,V3313How.many.secateurs.do.you.own.,V3313no.secateurs
How.many.dehusking.machines.do.you.own.,V3314,V3314How.many.dehusking.machines.do.you.own.,V3314no.dehusking.machines
What.mode.of.transportation.would.you.use.to.get.to.the.largest.coconut.plot.,V3315,V3315What.mode.of.transportation.would.you.use.to.get.to.the.largest.coconut.plot.,V3315method.largest.coconut.plot
V3315_selected,V3315_selected,V3315_selectedV3315_selected,V3315_selectedV3315_selected
How.many.minutes.does.it.take.you.to.get.to.your.largest.coconut.plot.by...V3315_selected..,V3316,V3316How.many.minutes.does.it.take.you.to.get.to.your.largest.coconut.plot.by...V3315_selected..,V3316minutes.largest.coconut.plot
What.mode.of.transportation.would.you.use.to.get.to.the.nearest.cacao.nurseries.,V3317,V3317What.mode.of.transportation.would.you.use.to.get.to.the.nearest.cacao.nurseries.,V3317method.cacao.nurseries
V3317_selected,V3317_selected,V3317_selectedV3317_selected,V3317_selectedV3317_selected
How.many.minutes.does.it.take.you.to.get.to.the.nearest.cacao.nurseries.by...V3317_selected..,V3318,V3318How.many.minutes.does.it.take.you.to.get.to.the.nearest.cacao.nurseries.by...V3317_selected..,V3318minutes.cacao.nurseries
What.mode.of.transportation.would.you.use.to.get.to.the.nearest.cacao.buying.station...weighing.station.,V3319,V3319What.mode.of.transportation.would.you.use.to.get.to.the.nearest.cacao.buying.station...weighing.station.,V3319method.cacao.buying.weighing.station
V3319_selected,V3319_selected,V3319_selectedV3319_selected,V3319_selectedV3319_selected
How.many.minutes.does.it.take.you.to.get.to.the.nearest.cacao.buying.station...weighing.station.by...V3319_selected..,V3320,V3320How.many.minutes.does.it.take.you.to.get.to.the.nearest.cacao.buying.station...weighing.station.by...V3319_selected..,V3320minutes.cacao.buying.weighing.station
What.mode.of.transportation.would.you.use.to.get.to.the.nearest.cacao.fermentary.,V3321,V3321What.mode.of.transportation.would.you.use.to.get.to.the.nearest.cacao.fermentary.,V3321method.cacao.fermentary
V3321_selected,V3321_selected,V3321_selectedV3321_selected,V3321_selectedV3321_selected
How.many.minutes.does.it.take.you.to.get.to.the.nearest.cacao.fermentary.by...V3321_selected..,V3322,V3322How.many.minutes.does.it.take.you.to.get.to.the.nearest.cacao.fermentary.by...V3321_selected..,V3322minutes.cacao.fermentary
What.mode.of.transportation.would.you.use.to.get.to.the.nearest.paved...concrete.road.,V3323,V3323What.mode.of.transportation.would.you.use.to.get.to.the.nearest.paved...concrete.road.,V3323method.paved.concrete.road
V3323_selected,V3323_selected,V3323_selectedV3323_selected,V3323_selectedV3323_selected
How.many.minutes.does.it.take.you.to.get.to.the.nearest.paved...concrete.road.by...V3323_selected..,V3324,V3324How.many.minutes.does.it.take.you.to.get.to.the.nearest.paved...concrete.road.by...V3323_selected..,V3324minutes.paved.concrete.road
What.mode.of.transportation.would.you.use.to.get.to.the.nearest.cacao.training.center.,V3325,V3325What.mode.of.transportation.would.you.use.to.get.to.the.nearest.cacao.training.center.,V3325method.nearest.cacao.training.center
V3325_selected,V3325_selected,V3325_selectedV3325_selected,V3325_selectedV3325_selected
How.many.minutes.does.it.take.you.to.get.to.the.nearest.cacao.training.center.by...V3325_selected..,V3326,V3326How.many.minutes.does.it.take.you.to.get.to.the.nearest.cacao.training.center.by...V3325_selected..,V3326minutes.nearest.cacao.training.center
What.mode.of.transportation.would.you.use.to.get.to.the.nearest.other.agricultural.training.center.,V3327,V3327What.mode.of.transportation.would.you.use.to.get.to.the.nearest.other.agricultural.training.center.,V3327method.nearest.agricultural.training.center
V3327_selected,V3327_selected,V3327_selectedV3327_selected,V3327_selectedV3327_selected
How.many.minutes.does.it.take.you.to.get.to.the.nearest.other.agricultural.training.center.by...V3327_selected..,V3328,V3328How.many.minutes.does.it.take.you.to.get.to.the.nearest.other.agricultural.training.center.by...V3327_selected..,V3328minutes.nearest.agricultural.training.center
What.mode.of.transportation.would.you.use.to.get.to.the.nearest.extension.office.with.knowledge.of.cacao.farming.,V3329,V3329What.mode.of.transportation.would.you.use.to.get.to.the.nearest.extension.office.with.knowledge.of.cacao.farming.,V3329method.nearest.extension.office
V3329_selected,V3329_selected,V3329_selectedV3329_selected,V3329_selectedV3329_selected
How.many.minutes.does.it.take.you.to.get.to.the.nearest.extension.office.with.knowledge.of.cacao.farming.by...V3329_selected..,V3330,V3330How.many.minutes.does.it.take.you.to.get.to.the.nearest.extension.office.with.knowledge.of.cacao.farming.by...V3329_selected..,V3330minutes.nearest.extension.office
What.mode.of.transportation.would.you.use.to.get.to.the.nearest.inputs.supplier.selling.fertilizers.,V3331,V3331What.mode.of.transportation.would.you.use.to.get.to.the.nearest.inputs.supplier.selling.fertilizers.,V3331method.nearest.supplier.fertilizers
V3331_selected,V3331_selected,V3331_selectedV3331_selected,V3331_selectedV3331_selected
How.many.minutes.does.it.take.you.to.get.to.the.nearest.inputs.supplier.selling.fertilizers.by...V3331_selected..,V3332,V3332How.many.minutes.does.it.take.you.to.get.to.the.nearest.inputs.supplier.selling.fertilizers.by...V3331_selected..,V3332minutes.nearest.supplier.fertilizers
What.mode.of.transportation.would.you.use.to.get.to.the.nearest.inputs.supplier.selling.pesticides..fungicides..herbicides.,V3333,V3333What.mode.of.transportation.would.you.use.to.get.to.the.nearest.inputs.supplier.selling.pesticides..fungicides..herbicides.,V3333method.nearest.supplier.pesticides.fungicides.herbicides.
V3333_selected,V3333_selected,V3333_selectedV3333_selected,V3333_selectedV3333_selected
How.many.minutes.does.it.take.you.to.get.to.the.nearest.inputs.supplier.selling.pesticides..fungicides..herbicides.by...V3333_selected..,V3334,V3334How.many.minutes.does.it.take.you.to.get.to.the.nearest.inputs.supplier.selling.pesticides..fungicides..herbicides.by...V3333_selected..,V3334minutes.nearest.supplier.pesticides.fungicides.herbicides
What.mode.of.transportation.would.you.use.to.get.to.the.nearest.trader.buying.coconut.husks.,V3335,V3335What.mode.of.transportation.would.you.use.to.get.to.the.nearest.trader.buying.coconut.husks.,V3335method.nearest.trader.buying.coconut.husks.
V3335_selected,V3335_selected,V3335_selectedV3335_selected,V3335_selectedV3335_selected
How.many.minutes.does.it.take.you.to.get.to.get.to.the.nearest.trader.buying.coconut.husks.by...V3335_selected..,V3336,V3336How.many.minutes.does.it.take.you.to.get.to.get.to.the.nearest.trader.buying.coconut.husks.by...V3335_selected..,V3336minutes.nearest.trader.buying.coconut.husks
What.mode.of.transportation.would.you.use.to.get.to.the.nearest.trader.buying.coconut.produce.e.g.copra.,V3337,V3337What.mode.of.transportation.would.you.use.to.get.to.the.nearest.trader.buying.coconut.produce.e.g.copra.,V3337method.nearest.trader.buying.coconut
V3337_selected,V3337_selected,V3337_selectedV3337_selected,V3337_selectedV3337_selected
How.many.minutes.does.it.take.you.to.get.to.the.nearest.trader.buying.coconut.produce.e.g.copra.by...V3337_selected..,V3338,V3338How.many.minutes.does.it.take.you.to.get.to.the.nearest.trader.buying.coconut.produce.e.g.copra.by...V3337_selected..,V3338minutes.nearest.trader.buying.coconut.produce
What.mode.of.transportation.would.you.use.to.get.to.the.nearest.coconut.oil.mill.,V3339,V3339What.mode.of.transportation.would.you.use.to.get.to.the.nearest.coconut.oil.mill.,V3339method.nearest.coconut.oil.mill.
V3339_selected,V3339_selected,V3339_selectedV3339_selected,V3339_selectedV3339_selected
How.many.minutes.does.it.take.you.to.get.to.the.nearest.coconut.oil.mill.by...V3339_selected..,V3340,V3340How.many.minutes.does.it.take.you.to.get.to.the.nearest.coconut.oil.mill.by...V3339_selected..,V3340minutes.nearest.coconut.oil.mill
How.many.members.are.there.in.your.household.,V3401,V3401How.many.members.are.there.in.your.household.,V3401no.members
How.many.labor.force.members.are.there.in.your.household.,V3402,V3402How.many.labor.force.members.are.there.in.your.household.,V3402no..labor.force.members
working_hours,,working_hours,working_hours
Approximately.how.many.hours.do.you.and.your.household.members.spend.on.farming.in.total.during.one.week.,V3403,V3403Approximately.how.many.hours.do.you.and.your.household.members.spend.on.farming.in.total.during.one.week.,V3403hours.on.farm.per.week
Do.you.hire.any.casual.labor.other.than.your.family.member.,V3404,V3404Do.you.hire.any.casual.labor.other.than.your.family.member.,V3404hire.casual.labor
If.yes..how.many.other.labors.do.you.hire.per.season.,V3405,V3405If.yes..how.many.other.labors.do.you.hire.per.season.,V3405no.labors.hire.per.season
When.do.you.need.to.hire.more.labor.,V3406,V3406When.do.you.need.to.hire.more.labor.,V3406when.hire.more.labor
Others..specify,specify_V3406,specify_V3406Others..specify,specify_V3406specify
Please.choose.organizations.that.you.participate.in.,V3501,V3501Please.choose.organizations.that.you.participate.in.,V3501Org.participate
Please.choose.organizations.that.you.participate.in..Cooperatives,V3501/01,V3501/01Please.choose.organizations.that.you.participate.in..Cooperatives,V3501/01participate.Cooperatives
Please.choose.organizations.that.you.participate.in..Farmer.s.union,V3501/02,V3501/02Please.choose.organizations.that.you.participate.in..Farmer.s.union,V3501/02participate.Farmer.s.union
Please.choose.organizations.that.you.participate.in..Farmer.s.group,V3501/03,V3501/03Please.choose.organizations.that.you.participate.in..Farmer.s.group,V3501/03participate.Farmer.group
Please.choose.organizations.that.you.participate.in..Farmer.s.association,V3501/04,V3501/04Please.choose.organizations.that.you.participate.in..Farmer.s.association,V3501/04participate.Farmer.association
Please.choose.organizations.that.you.participate.in..Other..please.specify,V3501/90,V3501/90Please.choose.organizations.that.you.participate.in..Other..please.specify,V3501/90participate.specify
Please.choose.organizations.that.you.participate.in..None,V3501/00,V3501/00Please.choose.organizations.that.you.participate.in..None,V3501/00participate.None
Specify.Organization.Name,specify_V3501,specify_V3501Specify.Organization.Name,specify_V3501Specify.Organization.Name
The.following.questions.is.about.your.experience.as.enablers.of.intercropping.to.your.farm.,,The.following.questions.is.about.your.experience.as.enablers.of.intercropping.to.your.farm.,Prompt_8
Who.is.the.main.provider.for.information.about.management.to.respond.to.climate.risks.,V3502,V3502Who.is.the.main.provider.for.information.about.management.to.respond.to.climate.risks.,V3502provider.information.respond.climate.risks
Name.of.provider,specify_V3502,specify_V3502Name.of.provider,specify_V3502provider.information.respond.climate.risks.name
How.much.do.you.trust.the...specify_V3502..,V3503,V3503How.much.do.you.trust.the...specify_V3502..,V3503trust.provider.information.respond.climate.risks
Who.is.the.main.provider.for.loan.services.to.access.credit.if.needed.,V3504,V3504Who.is.the.main.provider.for.loan.services.to.access.credit.if.needed.,V3504provider.loan.services
Name.of.provider.1,specify_V3504,specify_V3504Name.of.provider.1,specify_V3504provider.loan.services.name
How.much.do.you.trust.the...specify_V3504..,V3505,V3505How.much.do.you.trust.the...specify_V3504..,V3505trust.provider.loan.services
Who.is.the.main.labor.provider.,V3506,V3506Who.is.the.main.labor.provider.,V3506labor.provider
Name.of.provider.2,specify_V3506,specify_V3506Name.of.provider.2,specify_V3506labor.provider.name
How.much.do.you.trust.the...specify_V3506..,V3507,V3507How.much.do.you.trust.the...specify_V3506..,V3507trust.labor.provider
If.you.want.to.expand..develop.new.land.area..who.do.you.look.for.,V3508,V3508If.you.want.to.expand..develop.new.land.area..who.do.you.look.for.,V3508land.provider
Name.of.provider.3,specify_V3508,specify_V3508Name.of.provider.3,specify_V3508land.provider.name
How.much.do.you.trust.the...specify_V3508..,V3509,V3509How.much.do.you.trust.the...specify_V3508..,V3509trust.land.provider
Who.is.the.main.provider.for.support.with.aggregation..post.harvest.or.transport.of.produce.,V3514,V3514Who.is.the.main.provider.for.support.with.aggregation..post.harvest.or.transport.of.produce.,V3514provider.aggregation.post.harvest.transport.produce
Name.of.provider.4,specify_V3514,specify_V3514Name.of.provider.4,specify_V3514provider.aggregation.post.harvest.transport.produce.name
How.much.do.you.trust.the...specify_V3514..,V3515,V3515How.much.do.you.trust.the...specify_V3514..,V3515trust.provider.aggregation.post.harvest.transport.produce
Who.is.the.main.provider.for.marketing.agricultural.products.,V3516,V3516Who.is.the.main.provider.for.marketing.agricultural.products.,V3516provider.marketing.agricultural.products.
Name.of.provider.5,specify_V3516,specify_V3516Name.of.provider.5,specify_V3516provider.marketing.agricultural.products.name
How.much.do.you.trust.the...specify_V3516..,V3517,V3517How.much.do.you.trust.the...specify_V3516..,V3517trust.provider.marketing.agricultural.products.
Who.is.the.main.provider.for.farm.investments.such.as.tools.and.machinery.,V3518,V3518Who.is.the.main.provider.for.farm.investments.such.as.tools.and.machinery.,V3518provider.farm.investments
Other.provider,specify_V3518,specify_V3518Other.provider,specify_V3518provider.farm.investments.name
How.much.do.you.trust.the...specify_V3518..provider.,V3519,V3519How.much.do.you.trust.the...specify_V3518..provider.,V3519trust.provider.farm.investments
Who.is.the.main.provider.for.weather.forecast.,V3520,V3520Who.is.the.main.provider.for.weather.forecast.,V3520provider.wearther.forecast
Name.of.provider.6,specify_V3520,specify_V3520Name.of.provider.6,specify_V3520provider.wearther.forecast.name
How.much.do.you.trust.the...specify_V3520..,V3521,V3521How.much.do.you.trust.the...specify_V3520..,V3521trust.provider.wearther.forecast
Who.is.the.main.provider.for.agriculture.inputs.,V3522,V3522Who.is.the.main.provider.for.agriculture.inputs.,V3522provider.agriculture.inputs
Name.of.provider.7,specify_V3522,specify_V3522Name.of.provider.7,specify_V3522provider.agriculture.inputs.name
How.much.do.you.trust.the...specify_V3522..,V3523,V3523How.much.do.you.trust.the...specify_V3522..,V3523trust.provider.agriculture.inputs
Who.is.the.main.provider.for.advisory.services.to.cacao.intercrop.,V3510,V3510Who.is.the.main.provider.for.advisory.services.to.cacao.intercrop.,V3510advisory.services.cacao.intercrop
Name.of.provider.8,specify_V3510,specify_V3510Name.of.provider.8,specify_V3510advisory.services.cacao.intercrop.name
How.much.do.you.trust.the...specify_V3510..provider.,V3511,V3511How.much.do.you.trust.the...specify_V3510..provider.,V3511trust.advisory.services.cacao.intercrop
Who.is.your.main.cacao.buyer.,V3512,V3512Who.is.your.main.cacao.buyer.,V3512cacao.buyer
Name.of.provider.9,specify_V3512,specify_V3512Name.of.provider.9,specify_V3512cacao.buyer.provider.name
How.much.do.you.trust.the...specify_V3512..,V3513,V3513How.much.do.you.trust.the...specify_V3512..,V3513trust.cacao.buyer
Who.is.the.main.provider.for.cacao.seedlings.,V3524,V3524Who.is.the.main.provider.for.cacao.seedlings.,V3524provider.cacao.seedlings.
Name.of.provider.10,specify_V3524,specify_V3524Name.of.provider.10,specify_V3524provider.cacao.seedlings.name
How.much.do.you.trust.the...specify_V3524..,V3523_001,V3523_001How.much.do.you.trust.the...specify_V3524..,V3523_trust.cacao.seedlings
Please.specify.to.which.extent.you.agree.with.the.below.as.your.perceptions.in.intercropping.cacao.to.your.farm,V3528_rating_header,V3528_rating_headerPlease.specify.to.which.extent.you.agree.with.the.below.as.your.perceptions.in.intercropping.cacao.to.your.farm,Prompt_V3528_perception
You.will.start..continue.intercropping.cacao.in.the.next.2.years,,You.will.start..continue.intercropping.cacao.in.the.next.2.years,Percep.start.continue.intercropp.cacao.next.2.years
Your.family.favors.the.idea.of.intercropping.cacao,,Your.family.favors.the.idea.of.intercropping.cacao,Percep.family.favors.intercrop.cacao
Intercropping.cacao.is.more.profitable,,Intercropping.cacao.is.more.profitable,Percep.cacao.more.pritable
Coconut.income.is.not.stable,,Coconut.income.is.not.stable,Percep.Coconut.income.unstable
Intercropping.cacao.reduces.the.impact.of.climate.and.diseases.risks.in.my.farm,,Intercropping.cacao.reduces.the.impact.of.climate.and.diseases.risks.in.my.farm,Percep.Intercrop.cacao.reduces.climate.diseases.risks
Intercropping.coconut.cacao.provides.better.soil.and.farm.conditions.than.monocropping.coconut,,Intercropping.coconut.cacao.provides.better.soil.and.farm.conditions.than.monocropping.coconut,Percep.Intercrop.better.soil.farm.conditions
When.considering.the.past.10.years.between.January.2010.and.December.2019..has.there.been.any.event.causing.a.big.problem..shock..affecting.the.household.,,When.considering.the.past.10.years.between.January.2010.and.December.2019..has.there.been.any.event.causing.a.big.problem..shock..affecting.the.household.,Shock.bw.2010.2019
Type.of.event,V4001,V4001Type.of.event,V4001shock.event
Specify.Event,specify_V4001,specify_V4001Specify.Event,V4001shock.event.other
Event_calculation,,Event_calculation,shock.event_class
V4001_class,V4001_class,V4001_classV4001_class,V4001_classV4001_class
Did.this.shock.happen.to.all.household.members.,V4002,V4002Did.this.shock.happen.to.all.household.members.,V4002.this.shock.happen.to.all.hh.mem
If.no..how.many.household.members.were.affected.,V4003,V4003If.no..how.many.household.members.were.affected.,V4003If.shock.not.all.hh.mem.howmany.hh.mem.affected.
When.did.the.event.occur....Year,V4004,V4004When.did.the.event.occur....Year,V4004shock.event.time.Year
When.did.the.event.occur....Month,V4005,V4005When.did.the.event.occur....Month,V4005shock.event.time.Month
Estimated.severity.of.the.shock.on.your.household.,V4006,V4006Estimated.severity.of.the.shock.on.your.household.,V4006severity.shock.on.hh
Estimated.total.extra.expenditure.due.to.the.shock...in.pesos.,V4007,V4007Estimated.total.extra.expenditure.due.to.the.shock...in.pesos.,V4007extra.expenditure.due.shock.pesos
Estimated.loss.of.assets.due.to.the.shock...in.pesos.,V4008,V4008Estimated.loss.of.assets.due.to.the.shock...in.pesos.,V4008loss.assets.due.shock.pesos.
How.did.you.cope.with.the.shock.,V4009,V4009How.did.you.cope.with.the.shock.,V4009.cope.shock
How.did.you.cope.with.the.shock..Took.up.additional.occupation..agricultural.wage.employment,V4009/1.1,V4009/1.1How.did.you.cope.with.the.shock..Took.up.additional.occupation..agricultural.wage.employment,V4009additional.occupation.agricultural.employment
How.did.you.cope.with.the.shock..Took.up.additional.occupation..opened.business,V4009/1.2,V4009/1.2How.did.you.cope.with.the.shock..Took.up.additional.occupation..opened.business,V4009.additional.occupation.opened.business
How.did.you.cope.with.the.shock..Took.up.additional.occupation..non.farm.wage.employment,V4009/1.3,V4009/1.3How.did.you.cope.with.the.shock..Took.up.additional.occupation..non.farm.wage.employment,V4009additional.occupation.non.farm.employment
How.did.you.cope.with.the.shock..Worked.more.time.on.the.farm,V4009/1.4,V4009/1.4How.did.you.cope.with.the.shock..Worked.more.time.on.the.farm,V4009Worked.more.on.farm
How.did.you.cope.with.the.shock..Diversify.agricultural.portfolio,V4009/1.5,V4009/1.5How.did.you.cope.with.the.shock..Diversify.agricultural.portfolio,V4009Diversify.agricultural.portfolio
How.did.you.cope.with.the.shock..Substitute.crops,V4009/1.6,V4009/1.6How.did.you.cope.with.the.shock..Substitute.crops,V4009Substitute.crops
How.did.you.cope.with.the.shock..Reduced.production.inputs,V4009/1.7,V4009/1.7How.did.you.cope.with.the.shock..Reduced.production.inputs,V4009Reduced.production.inputs
How.did.you.cope.with.the.shock..Collective.action.for.infrastructure..dikes..terraces..irrigation.etc.,V4009/1.8,V4009/1.8How.did.you.cope.with.the.shock..Collective.action.for.infrastructure..dikes..terraces..irrigation.etc.,V4009Collective.action.infrastructure.dikes.terraces.irrigation
How.did.you.cope.with.the.shock..Common.property.resource.management..of.forest..lakes..etc.,V4009/1.9,V4009/1.9How.did.you.cope.with.the.shock..Common.property.resource.management..of.forest..lakes..etc.,V4009property.resource.management
How.did.you.cope.with.the.shock..Took.children.out.of.school,V4009/2.1,V4009/2.1How.did.you.cope.with.the.shock..Took.children.out.of.school,V4009children.out.school
How.did.you.cope.with.the.shock..Sent.children.to.relatives.friends,V4009/2.2,V4009/2.2How.did.you.cope.with.the.shock..Sent.children.to.relatives.friends,V4009children.to.relatives.friends
How.did.you.cope.with.the.shock..Adult.migrated.to.look.for.job,V4009/2.3,V4009/2.3How.did.you.cope.with.the.shock..Adult.migrated.to.look.for.job,V4009migrated.look.for.job
How.did.you.cope.with.the.shock..Adult.migrated.to.live.with.relatives.friends,V4009/2.4,V4009/2.4How.did.you.cope.with.the.shock..Adult.migrated.to.live.with.relatives.friends,V4009migrated.live.with.relatives.friends
How.did.you.cope.with.the.shock..Adult.migrated.to.marry,V4009/2.5,V4009/2.5How.did.you.cope.with.the.shock..Adult.migrated.to.marry,V4009Adult.migrated.marry
How.did.you.cope.with.the.shock..Sold.livestock,V4009/3.1,V4009/3.1How.did.you.cope.with.the.shock..Sold.livestock,V4009Sold.livestock
How.did.you.cope.with.the.shock..Sold.land,V4009/3.2,V4009/3.2How.did.you.cope.with.the.shock..Sold.land,V4009Sold.land
How.did.you.cope.with.the.shock..Sold.stored.goods..e.g..rice.,V4009/3.3,V4009/3.3How.did.you.cope.with.the.shock..Sold.stored.goods..e.g..rice.,V4009Sold.stored.goods
How.did.you.cope.with.the.shock..Sold.other.assets,V4009/3.4,V4009/3.4How.did.you.cope.with.the.shock..Sold.other.assets,V4009Sold.assets
How.did.you.cope.with.the.shock..Used.savings,V4009/4.1,V4009/4.1How.did.you.cope.with.the.shock..Used.savings,V4009Used.savings
How.did.you.cope.with.the.shock..Used.insurance,V4009/4.2,V4009/4.2How.did.you.cope.with.the.shock..Used.insurance,V4009Used.insurance
How.did.you.cope.with.the.shock..Borrowed.from.relatives,V4009/4.3,V4009/4.3How.did.you.cope.with.the.shock..Borrowed.from.relatives,V4009Borrowed.relatives
How.did.you.cope.with.the.shock..Borrowed.from.friends.neighbors,V4009/4.4,V4009/4.4How.did.you.cope.with.the.shock..Borrowed.from.friends.neighbors,V4009Borrowed.friends.neighbors
How.did.you.cope.with.the.shock..Borrowed.from.pawnshop,V4009/4.5,V4009/4.5How.did.you.cope.with.the.shock..Borrowed.from.pawnshop,V4009Borrowed.pawnshop
How.did.you.cope.with.the.shock..Pawned.mortgaged.land,V4009/4.6,V4009/4.6How.did.you.cope.with.the.shock..Pawned.mortgaged.land,V4009Pawned.mortgaged.land
How.did.you.cope.with.the.shock..Borrowed.from.informal.money.lender,V4009/4.7,V4009/4.7How.did.you.cope.with.the.shock..Borrowed.from.informal.money.lender,V4009Borrowed.informal.money.lender
How.did.you.cope.with.the.shock..Borrowed.from.village.funds,V4009/4.8,V4009/4.8How.did.you.cope.with.the.shock..Borrowed.from.village.funds,V4009Borrowed.village.funds
How.did.you.cope.with.the.shock..Borrowed.from.commercial.bank,V4009/4.9,V4009/4.9How.did.you.cope.with.the.shock..Borrowed.from.commercial.bank,V4009Borrowed.commercial.bank
How.did.you.cope.with.the.shock..Borrowed.from.state.agricultural.bank,V4009/4.11,V4009/4.11How.did.you.cope.with.the.shock..Borrowed.from.state.agricultural.bank,V4009Borrowed.state.agricultural.bank
How.did.you.cope.with.the.shock..Help.from.government,V4009/5.1,V4009/5.1How.did.you.cope.with.the.shock..Help.from.government,V4009Help.government
How.did.you.cope.with.the.shock..Help.from.NGOs,V4009/5.2,V4009/5.2How.did.you.cope.with.the.shock..Help.from.NGOs,V4009.Help.NGOs
How.did.you.cope.with.the.shock..Help.from.relatives,V4009/5.3,V4009/5.3How.did.you.cope.with.the.shock..Help.from.relatives,V4009Help.relatives
How.did.you.cope.with.the.shock..Help.from.friends.neighbors,V4009/5.4,V4009/5.4How.did.you.cope.with.the.shock..Help.from.friends.neighbors,V4009Help.friends.neighbors
How.did.you.cope.with.the.shock..Lighting,V4009/6.1,V4009/6.1How.did.you.cope.with.the.shock..Lighting,V4009Lighting
How.did.you.cope.with.the.shock..Locks,V4009/6.2,V4009/6.2How.did.you.cope.with.the.shock..Locks,V4009Locks
How.did.you.cope.with.the.shock..Alarm.system,V4009/6.3,V4009/6.3How.did.you.cope.with.the.shock..Alarm.system,V4009Alarm.system
How.did.you.cope.with.the.shock..Guard,V4009/6.4,V4009/6.4How.did.you.cope.with.the.shock..Guard,V4009Guard
How.did.you.cope.with.the.shock..Watch.dog,V4009/6.5,V4009/6.5How.did.you.cope.with.the.shock..Watch.dog,V4009Watch.dog
How.did.you.cope.with.the.shock..Hiding,V4009/6.6,V4009/6.6How.did.you.cope.with.the.shock..Hiding,V4009Hiding
How.did.you.cope.with.the.shock..Neighborhood.watch,V4009/6.7,V4009/6.7How.did.you.cope.with.the.shock..Neighborhood.watch,V4009Neighborhood.watch
How.did.you.cope.with.the.shock..Self.defense.with.knife.weapon,V4009/6.8,V4009/6.8How.did.you.cope.with.the.shock..Self.defense.with.knife.weapon,V4009knife.weapon
How.did.you.cope.with.the.shock..Did.nothing,V4009/7.1,V4009/7.1How.did.you.cope.with.the.shock..Did.nothing,V4009nothing
How.did.you.cope.with.the.shock..No.second.activity,V4009/7.2,V4009/7.2How.did.you.cope.with.the.shock..No.second.activity,V4009No.second.activity
How.did.you.cope.with.the.shock..No.third.activity,V4009/7.3,V4009/7.3How.did.you.cope.with.the.shock..No.third.activity,V4009No.third.activity
How.did.you.cope.with.the.shock..Other..specify,V4009/90,V4009/90How.did.you.cope.with.the.shock..Other..specify,V4009Other
How.did.you.cope.with.the.shock..No.answer,V4009/98,V4009/98How.did.you.cope.with.the.shock..No.answer,V4009No.answer
V4009_class,V4009_class,V4009_classV4009_class,V4009Cope.shock.class
Did.the.household.still.have.to.reduce.household.consumption.because.of.the.shock.,V4010,V4010Did.the.household.still.have.to.reduce.household.consumption.because.of.the.shock.,V4010.reduce.consumption
How.many.months.did.it.take.to.recover.from.the.shock.,V4011,V4011How.many.months.did.it.take.to.recover.from.the.shock.,V4011.month.recover.shock
Please.specify.to.which.extent.you.agree.with.the.below.as.your.attitude.towards.entrepreneurial.competences,,Please.specify.to.which.extent.you.agree.with.the.below.as.your.attitude.towards.entrepreneurial.competences,Prompt_9
Innovativeness,V5000_header,V5000_headerInnovativeness,Section.Innovative
I.am.always.interested.in.trying.new.technology.in.my.farm,,I.am.always.interested.in.trying.new.technology.in.my.farm,Innovative.trying.new.technology
Risk.taking,,Risk.taking,Section.Risk.taking
I.prefer.avoiding.doing.an.investment.in.my.farm..if.I.do.not.know.the.benefits.that.I.will.get,,I.prefer.avoiding.doing.an.investment.in.my.farm..if.I.do.not.know.the.benefits.that.I.will.get,Risktaking.prefer.avoiding.investment.if.not.know.benefits
I.do.not.want.to.enlarge.my.farm..because.I.do.not.want.to.incur.more.costs,,I.do.not.want.to.enlarge.my.farm..because.I.do.not.want.to.incur.more.costs,Risktaking.not.enlarge.farm.because.not.want.incur.costs
If.someone.suggests.me.to.include.more.high.yielding.varieties.in.my.farm..I.will.do.it.and.I.take.great.risk..chances.for.very.high.profits.,,If.someone.suggests.me.to.include.more.high.yielding.varieties.in.my.farm..I.will.do.it.and.I.take.great.risk..chances.for.very.high.profits.,Risktaking.willingness.take.great.risk.chances
Proactiveness,,Proactiveness,Section.Proactiveness
I.am.willing.to.start.practices.that.other.farms.do.not.do.yet,,I.am.willing.to.start.practices.that.other.farms.do.not.do.yet,Proact.start.practices
For.my.job..I.perform.above.and.beyond.expectations..but.there.is.always.something.more.to.be.done.or.improved,,For.my.job..I.perform.above.and.beyond.expectations..but.there.is.always.something.more.to.be.done.or.improved,Proact.perform.beyond.expectations.but.always.something.more
I.do.not.mind.failing.if.I.learn.something.different.from.another.practice,,I.do.not.mind.failing.if.I.learn.something.different.from.another.practice,Proact.do.not.mind.failing.if.learn.something
Investments,,Investments,Section.Investments
I.started.a.new.farming.business.in.the.past.3.years,,I.started.a.new.farming.business.in.the.past.3.years,Invest.start.new.business.past.3.years
I.included.a.new.technology.to.increase.the.yield.of.my.productions.in.the.past.3.years,,I.included.a.new.technology.to.increase.the.yield.of.my.productions.in.the.past.3.years,Invest.included.a.new.technologyin.past.3.years
I.expanded.the.contacts.with.other.actors.in.my.value.chain.in.the.past.3.years,,I.expanded.the.contacts.with.other.actors.in.my.value.chain.in.the.past.3.years,Invest.expanded.contacts.actors.in.value.chain.in.past.3.years
With.my.credit.and.savings..I.enlarged.my.farm.in.in.the.past.3.years,,With.my.credit.and.savings..I.enlarged.my.farm.in.in.the.past.3.years,Invest.enlarged.farm.past.3.years
End.of.Survey,,End.of.Survey,End.Survey
V6005,V6005,V6005V6005,V6005V6005
Interviewer.s.Name,V1102,V1102Interviewer.s.Name,V1102Interviewer.Name
Name.of.Province,V1104,V1104Name.of.Province,V1104Name.Province
Name.of.Municipality.City,V1105,V1105Name.of.Municipality.City,V1105Name.Municipality.City
Name.of.Barangay,V1106,V1106Name.of.Barangay,V1106Name.Barangay
Name.of.Zone.Purok,,Name.of.Zone.Purok,Name.Zone.Purok
ID.of.Household..HHID.,V1108,V1108ID.of.Household..HHID.,V1108hhID
Will.you.input.the.GPS.coordinates.manually.,GPS_check_V1201,GPS_check_V1201Will.you.input.the.GPS.coordinates.manually.,GPS_check_V1201GPS.coordinates.manually.
Please.record.the.coordinates.of.the.respondent.s.house.using.the.built.in.GPS.function.of.your.device,V1201,V1201Please.record.the.coordinates.of.the.respondent.s.house.using.the.built.in.GPS.function.of.your.device,Long_lat_hh_GPS
X_Please.record.the.coordinates.of.the.respondent.s.house.using.the.built.in.GPS.function.of.your.device_latitude,_V1201_latitude,_V1201_latitudeX_Please.record.the.coordinates.of.the.respondent.s.house.using.the.built.in.GPS.function.of.your.device_latitude,latitude_GPS
X_Please.record.the.coordinates.of.the.respondent.s.house.using.the.built.in.GPS.function.of.your.device_longitude,_V1201_longitude,_V1201_longitudeX_Please.record.the.coordinates.of.the.respondent.s.house.using.the.built.in.GPS.function.of.your.device_longitude,longitude_GPS
X_Please.record.the.coordinates.of.the.respondent.s.house.using.the.built.in.GPS.function.of.your.device_altitude,_V1201_altitude,_V1201_altitudeX_Please.record.the.coordinates.of.the.respondent.s.house.using.the.built.in.GPS.function.of.your.device_altitude,altitude_GPS
X_Please.record.the.coordinates.of.the.respondent.s.house.using.the.built.in.GPS.function.of.your.device_precision,_V1201_precision,_V1201_precisionX_Please.record.the.coordinates.of.the.respondent.s.house.using.the.built.in.GPS.function.of.your.device_precision,accuracy_GPS
Please.manually.record.the.GPS.coordinates,,Please.manually.record.the.GPS.coordinates,Long_lat_hh_manual
Latitude,V1211,V1211Latitude,V1211Latitude_manual
Longitude,V1212,V1212Longitude,V1212Longitude_manual
Altitude,V1213,V1213Altitude,V1213Altitude_manual
Accuracy,V1214,V1214Accuracy,V1214Accuracy_manual
Thank.you.very.much..we.are.now.finished.with.the.questions..Do.you.have.any.questions.or.comments.for.me.,,Thank.you.very.much..we.are.now.finished.with.the.questions..Do.you.have.any.questions.or.comments.for.me.,Prompt_10
Would.you.allow.us.to.telephone.you.for.a.short.conversation..5.or.10.minutes.only...to.follow.up.on.this.survey.,V6001,V6001Would.you.allow.us.to.telephone.you.for.a.short.conversation..5.or.10.minutes.only...to.follow.up.on.this.survey.,V6001telephone.followup
ENUMERATOR..How.many.people.contributed.to.answering.the.survey.,V6002,V6002ENUMERATOR..How.many.people.contributed.to.answering.the.survey.,V6002people.contribute.survey
ENUMERATOR..In.your.opinion..how.easily.did.you.establish.rapport.with.the.respondent.,V6003,V6003ENUMERATOR..In.your.opinion..how.easily.did.you.establish.rapport.with.the.respondent.,V6003easily.establish.rapport
ENUMERATOR..How.reliable.do.you.think.these.answers.are..Consider.the.accuracy.and.willingness.to.answer..Did.the.respondent.always.know.the.exact.answers.or.did.they.have.to.guess.,V6004,V6004ENUMERATOR..How.reliable.do.you.think.these.answers.are..Consider.the.accuracy.and.willingness.to.answer..Did.the.respondent.always.know.the.exact.answers.or.did.they.have.to.guess.,V6004reliance.of.respondent
Length.of.Survey.is...V6005..minutes,V6005_note,V6005_noteLength.of.Survey.is...V6005..minutes,V6005survey.length
ENUMERATOR..Do.you.have.any.notes.or.comments.from.the.interview.,V6006,V6006ENUMERATOR..Do.you.have.any.notes.or.comments.from.the.interview.,V6006notes.or.comments.from.interview.
Survey.Complete.,,Survey.Complete.,Survey.Complete.
X_id,,X_id,X_id
X_uuid,,X_uuid,X_uuid
X_submission_time,,X_submission_time,X_submission_time
X_validation_status,,X_validation_status,X_validation_status
X_index,,X_index,X_index
